species,organ,fcell,weightorgankgBW,MicProtGO,CytosProtGO,CellsGO
human,brain,0.96,22.5,11.5,31,NA
human,gonads,0.88,0.167,11.5,31,NA
human,heart,0.76,5.5,11.5,31,NA
human,kidney,0.57,6.67,11,37,NA
human,gut,0.88,18.5,12,24.8,NA
human,liver,0.67,42,32,50,99
human,lung,0.23,15,11.5,31,NA
rat,brain,0.96,7.39,8.4,50,NA
rat,gonads,0.79,10,8.4,50,NA
rat,heart,0.64,3.47,8.4,50,NA
rat,kidney,0.7,10,11,50,NA
rat,gut,0.88,31,5.8,50,NA
rat,liver,0.72,43,44.333,73,122.5
rat,lung,0.19,4.34,8.4,50,NA
dog,brain,0.96,5.88,25.4,NA,NA
dog,gonads,0.79,0.36,25.4,NA,NA
dog,heart,0.64,5.1,25.4,NA,NA
dog,kidney,0.7,11.7,41.55,NA,NA
dog,gut,0.88,17.5,9.25,NA,10.3
dog,liver,0.72,25,47.525,NA,201.25
dog,lung,0.19,10.3,25.4,NA,NA
beagle,brain,0.96,5.88,25.4,NA,NA
beagle,gonads,0.79,0.36,25.4,NA,NA
beagle,heart,0.64,5.1,25.4,NA,NA
beagle,kidney,0.7,11.7,41.55,NA,NA
beagle,gut,0.88,17.5,9.25,NA,10.3
beagle,liver,0.72,25,43,NA,215
beagle,lung,0.19,10.3,25.4,NA,NA
